label,variant,policy,first_fit,mean,sd,median,ci_lower,ci_upper,ci_width,min,max,within_pm05pct_of_first_fit,within_pm10pct_of_first_fit,n_bootstraps,policy_trivially_static
Cardiomegaly,raw,fixed,0.5,0.5,0.0,0.5,0.5,0.5,0.0,0.5,0.5,True,True,2000,True
Cardiomegaly,raw,f1_optimal,0.9020933,0.883789665085,0.027014694417762265,0.8962514,0.8275496,0.91398406,0.08643445999999999,0.8121234,0.95938325,False,True,2000,False
Cardiomegaly,raw,youden,0.18257122,0.176540337547,0.049802438473056335,0.17738296,0.083740406,0.3280987,0.24435829400000003,0.05194156,0.3580163,False,False,2000,False
Cardiomegaly,raw,sensitivity_constrained,0.05194156,0.0490028469935,0.012706517639426896,0.05194156,0.03132112,0.08359067,0.052269550000000005,0.014447852,0.12776141,False,False,2000,False
Cardiomegaly,raw,precision_constrained,0.98215127,0.98255754769,0.006758244599715827,0.98215127,0.97052056,0.9977393,0.02721874000000002,0.9540518,0.9996673,True,True,2000,False
Cardiomegaly,calibrated,fixed,0.5,0.5,0.0,0.5,0.5,0.5,0.0,0.5,0.5,True,True,2000,True
Cardiomegaly,calibrated,f1_optimal,0.8666406044962653,0.8472197228425378,0.028912989364856,0.8602366043779558,0.7860393793705632,0.8799270393890136,0.09388766001845039,0.7860393793705632,0.9004680367961937,False,True,2000,False
Cardiomegaly,calibrated,youden,0.22039682338148656,0.21247051377547654,0.04628257080666095,0.21534806432049294,0.11731803326628092,0.3534048397396506,0.23608680647336966,0.0796069293860885,0.37638264866726073,False,False,2000,False
Cardiomegaly,calibrated,sensitivity_constrained,0.0796069293860885,0.0759285426322775,0.015547864444721393,0.0796069293860885,0.052543611925565135,0.10970132551296316,0.057157713587398025,0.03145890860089877,0.15058565454727046,False,False,2000,False
Cardiomegaly,calibrated,precision_constrained,0.9670011437406602,0.9677856367708603,0.009992326808291634,0.9665783429977146,0.9503216206790472,0.9884296251864418,0.0381080045073946,0.9298457991251935,0.9988291681588014,True,True,2000,False
Cardiomegaly,logistic,fixed,0.5,0.5,0.0,0.5,0.5,0.5,0.0,0.5,0.5,True,True,2000,True
Cardiomegaly,logistic,f1_optimal,0.16803454215503866,0.15712196677408108,0.018438686895638517,0.16493773822809074,0.12262000988812544,0.17916078225950385,0.05654077237137842,0.11800899490737686,0.21292619605298246,False,False,2000,False
Cardiomegaly,logistic,youden,0.02599403623509556,0.02551818326976297,0.004939875363061635,0.02551409335546345,0.016130168219363746,0.040587303264503743,0.024457135045139997,0.012271003461257108,0.04206067439228146,False,False,2000,False
Cardiomegaly,logistic,sensitivity_constrained,0.012271003461257108,0.011817628387655842,0.0016382068797626973,0.012271003461257108,0.00924817362069268,0.015372443728783785,0.006124270108091105,0.006286843993136672,0.01733611243336054,False,False,2000,False
Cardiomegaly,logistic,precision_constrained,0.34813599549699104,0.36673953802970055,0.07160252490555354,0.34813599549699104,0.29270286276899404,0.579493257484857,0.286790394715863,0.24535749926287662,0.8247959780733828,False,False,2000,False
Effusion,raw,fixed,0.5,0.5,0.0,0.5,0.5,0.5,0.0,0.5,0.5,True,True,2000,True
Effusion,raw,f1_optimal,0.7699463,0.756317013095,0.030141323233304405,0.76681787,0.695338,0.8174288,0.12209079999999994,0.6633419,0.83907574,False,True,2000,False
Effusion,raw,youden,0.44875836,0.45288571035,0.03042702724835601,0.44936243,0.40650856,0.52472955,0.11822098999999997,0.3580163,0.615319,False,False,2000,False
Effusion,raw,sensitivity_constrained,0.30435172,0.303201771215,0.024933326574670327,0.30445513,0.24865295275000002,0.3528705,0.10421754724999996,0.21419789,0.41655928,False,False,2000,False
Effusion,raw,precision_constrained,0.8474635,0.8466610630549999,0.01937204816642149,0.8474635,0.8109285,0.8897253875,0.07879688749999991,0.75851065,0.9125921,True,True,2000,False
Effusion,calibrated,fixed,0.5,0.5,0.0,0.5,0.5,0.5,0.0,0.5,0.5,True,True,2000,True
Effusion,calibrated,f1_optimal,0.7035260950635486,0.692047412751085,0.02383671978431245,0.7016283957816002,0.6434343601749289,0.7443743969279538,0.10094003675302488,0.6385312295888483,0.7538269593037972,False,True,2000,False
Effusion,calibrated,youden,0.4632815196125169,0.46707193424685806,0.02084896846602193,0.4637158070359282,0.43179221707150794,0.5136140428082276,0.0818218257367197,0.4176688646750058,0.575050114738236,False,False,2000,False
Effusion,calibrated,sensitivity_constrained,0.3563252634307085,0.35550460098495906,0.018839182622574054,0.3563252634307085,0.3119456676029833,0.3876450879347497,0.07569942033176641,0.2829627600947808,0.4176688646750058,False,False,2000,False
Effusion,calibrated,precision_constrained,0.7732421936203356,0.7724768457478246,0.01898714578644799,0.773364650842252,0.7383435026722067,0.8140943482697379,0.0757508455975312,0.7025051291702836,0.8439311683944212,False,True,2000,False
Effusion,logistic,fixed,0.5,0.5,0.0,0.5,0.5,0.5,0.0,0.5,0.5,True,True,2000,True
Effusion,logistic,f1_optimal,0.2517981190539106,0.24171925749547868,0.02177595704687585,0.24688029539196826,0.20178814628336636,0.2941750633501728,0.09238691706680643,0.18882986434273133,0.30196278647761304,False,False,2000,False
Effusion,logistic,youden,0.10474042100560435,0.10602054473872516,0.008975960173052328,0.1049116451094554,0.0921179037508412,0.12809503269215122,0.03597712894131003,0.08100808472134116,0.1514224463386118,False,False,2000,False
Effusion,logistic,sensitivity_constrained,0.06851438378669,0.06831001639836287,0.0054299130143683665,0.06851438378669,0.05581211607489349,0.07822716899743949,0.022415052922546003,0.04876911561094831,0.08529169902291413,False,False,2000,False
Effusion,logistic,precision_constrained,0.3295456598975165,0.3300521953295105,0.02590512881176499,0.32970693181004396,0.2882920272651052,0.39308844310340957,0.10479641583830435,0.25234854519961547,0.4405963077389958,False,False,2000,False
