class,calibration,n_bins,binning,ece
Cardiomegaly,raw,10,equal_width,0.106143
Cardiomegaly,raw,10,equal_freq,0.106256
Cardiomegaly,raw,15,equal_width,0.106143
Cardiomegaly,raw,15,equal_freq,0.106317
Cardiomegaly,raw,20,equal_width,0.106143
Cardiomegaly,raw,20,equal_freq,0.106276
Cardiomegaly,calibrated,10,equal_width,0.116876
Cardiomegaly,calibrated,10,equal_freq,0.116876
Cardiomegaly,calibrated,15,equal_width,0.116876
Cardiomegaly,calibrated,15,equal_freq,0.116878
Cardiomegaly,calibrated,20,equal_width,0.116876
Cardiomegaly,calibrated,20,equal_freq,0.116876
Cardiomegaly,logistic,10,equal_width,0.001691
Cardiomegaly,logistic,10,equal_freq,0.003441
Cardiomegaly,logistic,15,equal_width,0.002872
Cardiomegaly,logistic,15,equal_freq,0.003424
Cardiomegaly,logistic,20,equal_width,0.00346
Cardiomegaly,logistic,20,equal_freq,0.004688
Effusion,raw,10,equal_width,0.207741
Effusion,raw,10,equal_freq,0.207741
Effusion,raw,15,equal_width,0.207741
Effusion,raw,15,equal_freq,0.207741
Effusion,raw,20,equal_width,0.207741
Effusion,raw,20,equal_freq,0.207741
Effusion,calibrated,10,equal_width,0.229156
Effusion,calibrated,10,equal_freq,0.229156
Effusion,calibrated,15,equal_width,0.229156
Effusion,calibrated,15,equal_freq,0.229156
Effusion,calibrated,20,equal_width,0.229156
Effusion,calibrated,20,equal_freq,0.229156
Effusion,logistic,10,equal_width,0.011666
Effusion,logistic,10,equal_freq,0.01027
Effusion,logistic,15,equal_width,0.013603
Effusion,logistic,15,equal_freq,0.011441
Effusion,logistic,20,equal_width,0.015056
Effusion,logistic,20,equal_freq,0.013278
