class,variant,policy,first_fit,mean,sd,median,ci_lower,ci_upper,ci_width,min,max,within_pm5pct,within_pm10pct,n_bootstraps
Cardiomegaly,raw,f1_optimal,0.9021,0.8838,0.027,0.8963,0.8275,0.914,0.0864,0.8121,0.9594,False,True,2000
Cardiomegaly,raw,youden,0.1826,0.1765,0.0498,0.1774,0.0837,0.3281,0.2444,0.0519,0.358,False,False,2000
Cardiomegaly,raw,sensitivity_constrained,0.0519,0.049,0.0127,0.0519,0.0313,0.0836,0.0523,0.0144,0.1278,False,False,2000
Cardiomegaly,raw,precision_constrained,0.9822,0.9826,0.0068,0.9822,0.9705,0.9977,0.0272,0.9541,0.9997,True,True,2000
Cardiomegaly,calibrated,f1_optimal,0.8666,0.8472,0.0289,0.8602,0.786,0.8799,0.0939,0.786,0.9005,False,True,2000
Cardiomegaly,calibrated,youden,0.2204,0.2125,0.0463,0.2153,0.1173,0.3534,0.2361,0.0796,0.3764,False,False,2000
Cardiomegaly,calibrated,sensitivity_constrained,0.0796,0.0759,0.0155,0.0796,0.0525,0.1097,0.0572,0.0315,0.1506,False,False,2000
Cardiomegaly,calibrated,precision_constrained,0.967,0.9678,0.01,0.9666,0.9503,0.9884,0.0381,0.9298,0.9988,True,True,2000
Cardiomegaly,logistic,f1_optimal,0.168,0.1571,0.0184,0.1649,0.1226,0.1792,0.0565,0.118,0.2129,False,False,2000
Cardiomegaly,logistic,youden,0.026,0.0255,0.0049,0.0255,0.0161,0.0406,0.0245,0.0123,0.0421,False,False,2000
Cardiomegaly,logistic,sensitivity_constrained,0.0123,0.0118,0.0016,0.0123,0.0092,0.0154,0.0061,0.0063,0.0173,False,False,2000
Cardiomegaly,logistic,precision_constrained,0.3481,0.3667,0.0716,0.3481,0.2927,0.5795,0.2868,0.2454,0.8248,False,False,2000
Effusion,raw,f1_optimal,0.7699,0.7563,0.0301,0.7668,0.6953,0.8174,0.1221,0.6633,0.8391,False,True,2000
Effusion,raw,youden,0.4488,0.4529,0.0304,0.4494,0.4065,0.5247,0.1182,0.358,0.6153,False,False,2000
Effusion,raw,sensitivity_constrained,0.3044,0.3032,0.0249,0.3045,0.2487,0.3529,0.1042,0.2142,0.4166,False,False,2000
Effusion,raw,precision_constrained,0.8475,0.8467,0.0194,0.8475,0.8109,0.8897,0.0788,0.7585,0.9126,True,True,2000
Effusion,calibrated,f1_optimal,0.7035,0.692,0.0238,0.7016,0.6434,0.7444,0.1009,0.6385,0.7538,False,True,2000
Effusion,calibrated,youden,0.4633,0.4671,0.0208,0.4637,0.4318,0.5136,0.0818,0.4177,0.5751,False,False,2000
Effusion,calibrated,sensitivity_constrained,0.3563,0.3555,0.0188,0.3563,0.3119,0.3876,0.0757,0.283,0.4177,False,False,2000
Effusion,calibrated,precision_constrained,0.7732,0.7725,0.019,0.7734,0.7383,0.8141,0.0758,0.7025,0.8439,False,True,2000
Effusion,logistic,f1_optimal,0.2518,0.2417,0.0218,0.2469,0.2018,0.2942,0.0924,0.1888,0.302,False,False,2000
Effusion,logistic,youden,0.1047,0.106,0.009,0.1049,0.0921,0.1281,0.036,0.081,0.1514,False,False,2000
Effusion,logistic,sensitivity_constrained,0.0685,0.0683,0.0054,0.0685,0.0558,0.0782,0.0224,0.0488,0.0853,False,False,2000
Effusion,logistic,precision_constrained,0.3295,0.3301,0.0259,0.3297,0.2883,0.3931,0.1048,0.2523,0.4406,False,False,2000
