split,class,arm_a,arm_b,metric,delta_point_estimate,ci_lower,ci_upper,n_bootstraps,confidence_level,rng_seed
test,Cardiomegaly,A,C,accuracy,0.055213,0.050192,0.06044,5000,0.95,42
test,Cardiomegaly,A,C,precision,0.159036,0.112784,0.199784,5000,0.95,42
test,Cardiomegaly,A,C,recall,-0.315663,-0.364731,-0.27155,5000,0.95,42
test,Cardiomegaly,A,C,specificity,0.065163,0.059701,0.070946,5000,0.95,42
test,Cardiomegaly,A,C,f1,0.070034,0.028025,0.106492,5000,0.95,42
test,Cardiomegaly,A,D,accuracy,0.055213,0.050192,0.06044,5000,0.95,42
test,Cardiomegaly,A,D,precision,0.159036,0.112784,0.199784,5000,0.95,42
test,Cardiomegaly,A,D,recall,-0.315663,-0.364731,-0.27155,5000,0.95,42
test,Cardiomegaly,A,D,specificity,0.065163,0.059701,0.070946,5000,0.95,42
test,Cardiomegaly,A,D,f1,0.070034,0.028025,0.106492,5000,0.95,42
test,Cardiomegaly,B,D,accuracy,0.055213,0.050192,0.06044,5000,0.95,42
test,Cardiomegaly,B,D,precision,0.159036,0.112784,0.199784,5000,0.95,42
test,Cardiomegaly,B,D,recall,-0.315663,-0.364731,-0.27155,5000,0.95,42
test,Cardiomegaly,B,D,specificity,0.065163,0.059701,0.070946,5000,0.95,42
test,Cardiomegaly,B,D,f1,0.070034,0.028025,0.106492,5000,0.95,42
test,Cardiomegaly,C,D,accuracy,0.0,0.0,0.0,5000,0.95,42
test,Cardiomegaly,C,D,precision,0.0,0.0,0.0,5000,0.95,42
test,Cardiomegaly,C,D,recall,0.0,0.0,0.0,5000,0.95,42
test,Cardiomegaly,C,D,specificity,0.0,0.0,0.0,5000,0.95,42
test,Cardiomegaly,C,D,f1,0.0,0.0,0.0,5000,0.95,42
test,Effusion,A,C,accuracy,0.08348,0.07578,0.091096,5000,0.95,42
test,Effusion,A,C,precision,0.112031,0.097334,0.126363,5000,0.95,42
test,Effusion,A,C,recall,-0.251878,-0.274262,-0.229993,5000,0.95,42
test,Effusion,A,C,specificity,0.131706,0.121971,0.141227,5000,0.95,42
test,Effusion,A,C,f1,0.01909,0.005024,0.032553,5000,0.95,42
test,Effusion,A,D,accuracy,0.08348,0.07578,0.091096,5000,0.95,42
test,Effusion,A,D,precision,0.112031,0.097334,0.126363,5000,0.95,42
test,Effusion,A,D,recall,-0.251878,-0.274262,-0.229993,5000,0.95,42
test,Effusion,A,D,specificity,0.131706,0.121971,0.141227,5000,0.95,42
test,Effusion,A,D,f1,0.01909,0.005024,0.032553,5000,0.95,42
test,Effusion,B,D,accuracy,0.08348,0.07578,0.091096,5000,0.95,42
test,Effusion,B,D,precision,0.112031,0.097334,0.126363,5000,0.95,42
test,Effusion,B,D,recall,-0.251878,-0.274262,-0.229993,5000,0.95,42
test,Effusion,B,D,specificity,0.131706,0.121971,0.141227,5000,0.95,42
test,Effusion,B,D,f1,0.01909,0.005024,0.032553,5000,0.95,42
test,Effusion,C,D,accuracy,0.0,0.0,0.0,5000,0.95,42
test,Effusion,C,D,precision,0.0,0.0,0.0,5000,0.95,42
test,Effusion,C,D,recall,0.0,0.0,0.0,5000,0.95,42
test,Effusion,C,D,specificity,0.0,0.0,0.0,5000,0.95,42
test,Effusion,C,D,f1,0.0,0.0,0.0,5000,0.95,42
