claim,section,numeric_or_text,source_artifact,verified,notes
76977 images in train split,dataset,numeric,data/processed/split_index.csv,True,
16451 images in val split,dataset,numeric,data/processed/split_index.csv,True,
15884 images in test split,dataset,numeric,data/processed/split_index.csv,True,
20797 patients in train split,dataset,numeric,data/processed/split_index.csv,True,
4468 patients in val split,dataset,numeric,data/processed/split_index.csv,True,
4455 patients in test split,dataset,numeric,data/processed/split_index.csv,True,
"109,312 total images",dataset,numeric,data/processed/split_index.csv,True,
"29,720 total patients",dataset,numeric,data/processed/split_index.csv,True,
baseline Cardiomegaly auroc,results_baseline,numeric,outputs/metrics/baseline/baseline_metrics_test.json,True,
baseline Cardiomegaly auprc,results_baseline,numeric,outputs/metrics/baseline/baseline_metrics_test.json,True,
baseline Cardiomegaly f1,results_baseline,numeric,outputs/metrics/baseline/baseline_metrics_test.json,True,
baseline Cardiomegaly precision,results_baseline,numeric,outputs/metrics/baseline/baseline_metrics_test.json,True,
baseline Cardiomegaly recall,results_baseline,numeric,outputs/metrics/baseline/baseline_metrics_test.json,True,
baseline Cardiomegaly specificity,results_baseline,numeric,outputs/metrics/baseline/baseline_metrics_test.json,True,
baseline Effusion auroc,results_baseline,numeric,outputs/metrics/baseline/baseline_metrics_test.json,True,
baseline Effusion auprc,results_baseline,numeric,outputs/metrics/baseline/baseline_metrics_test.json,True,
baseline Effusion f1,results_baseline,numeric,outputs/metrics/baseline/baseline_metrics_test.json,True,
baseline Effusion precision,results_baseline,numeric,outputs/metrics/baseline/baseline_metrics_test.json,True,
baseline Effusion recall,results_baseline,numeric,outputs/metrics/baseline/baseline_metrics_test.json,True,
baseline Effusion specificity,results_baseline,numeric,outputs/metrics/baseline/baseline_metrics_test.json,True,
macro AUROC 0.8780,results_baseline,numeric,outputs/metrics/baseline/baseline_metrics_test.json,True,
macro AUPRC 0.3871,results_baseline,numeric,outputs/metrics/baseline/baseline_metrics_test.json,True,
Cardiomegaly NLL raw->calibrated,results_calibration,numeric,outputs/metrics/experiments/exp1_calibration.json,True,
Cardiomegaly Brier raw->calibrated,results_calibration,numeric,outputs/metrics/experiments/exp1_calibration.json,True,
Cardiomegaly ECE raw->calibrated,results_calibration,numeric,outputs/metrics/experiments/exp1_calibration.json,True,
Cardiomegaly ECE rises after temperature scaling,results_calibration,text,outputs/metrics/experiments/exp1_calibration.json,True,
Effusion NLL raw->calibrated,results_calibration,numeric,outputs/metrics/experiments/exp1_calibration.json,True,
Effusion Brier raw->calibrated,results_calibration,numeric,outputs/metrics/experiments/exp1_calibration.json,True,
Effusion ECE raw->calibrated,results_calibration,numeric,outputs/metrics/experiments/exp1_calibration.json,True,
Effusion ECE rises after temperature scaling,results_calibration,text,outputs/metrics/experiments/exp1_calibration.json,True,
Cardiomegaly temperature T = 1.187,results_calibration,numeric,outputs/metrics/calibration/temperature_scalers.json,True,
Effusion temperature T = 1.398,results_calibration,numeric,outputs/metrics/calibration/temperature_scalers.json,True,
Cardiomegaly fixed val-frozen threshold (raw) = 0.5,results_thresholds,numeric,outputs/metrics/thresholds/thresholds_val.json,True,
Cardiomegaly f1_optimal val-frozen threshold (raw) = 0.9021,results_thresholds,numeric,outputs/metrics/thresholds/thresholds_val.json,True,
Cardiomegaly youden val-frozen threshold (raw) = 0.1826,results_thresholds,numeric,outputs/metrics/thresholds/thresholds_val.json,True,
Cardiomegaly sensitivity_constrained val-frozen threshold (raw) = 0.0519,results_thresholds,numeric,outputs/metrics/thresholds/thresholds_val.json,True,
Cardiomegaly precision_constrained val-frozen threshold (raw) = 0.9822,results_thresholds,numeric,outputs/metrics/thresholds/thresholds_val.json,True,
Effusion fixed val-frozen threshold (raw) = 0.5,results_thresholds,numeric,outputs/metrics/thresholds/thresholds_val.json,True,
Effusion f1_optimal val-frozen threshold (raw) = 0.7699,results_thresholds,numeric,outputs/metrics/thresholds/thresholds_val.json,True,
Effusion youden val-frozen threshold (raw) = 0.4488,results_thresholds,numeric,outputs/metrics/thresholds/thresholds_val.json,True,
Effusion sensitivity_constrained val-frozen threshold (raw) = 0.3044,results_thresholds,numeric,outputs/metrics/thresholds/thresholds_val.json,True,
Effusion precision_constrained val-frozen threshold (raw) = 0.8475,results_thresholds,numeric,outputs/metrics/thresholds/thresholds_val.json,True,
combined-arm Cardiomegaly test F1 = 0.3536,results_main,numeric,outputs/final_results/master_results.csv,True,
combined-arm Effusion test F1 = 0.4866,results_main,numeric,outputs/final_results/master_results.csv,True,
combined-arm Cardiomegaly test precision = 0.3377,results_main,numeric,outputs/final_results/master_results.csv,True,
combined-arm Effusion test precision = 0.444,results_main,numeric,outputs/final_results/master_results.csv,True,
combined-arm Cardiomegaly test recall = 0.3711,results_main,numeric,outputs/final_results/master_results.csv,True,
combined-arm Cardiomegaly test specificity = 0.9805,results_main,numeric,outputs/final_results/master_results.csv,True,
combined-arm Effusion test recall = 0.5383,results_main,numeric,outputs/final_results/master_results.csv,True,
combined-arm Effusion test specificity = 0.9031,results_main,numeric,outputs/final_results/master_results.csv,True,
Cardiomegaly F1 gains 0.2836 -> 0.3536 (threshold policy),results_ablation,numeric,outputs/final_results/master_results.csv,True,
Calibration alone does not change fixed-0.50 confusion (monotone sigmoid),results_ablation,text,outputs/metrics/experiments/exp3_thresholds_calibrated.json,True,
Cardiomegaly 563 errors,results_error_analysis,numeric,outputs/metrics/error_analysis/error_analysis_test.json,True,
Cardiomegaly high-confidence (>=0.9) errors = 274,results_error_analysis,numeric,outputs/metrics/error_analysis/error_analysis_test.json,True,
Cardiomegaly high-confidence share of errors = 48.7%,results_error_analysis,numeric,outputs/metrics/error_analysis/error_analysis_test.json,True,
"Effusion 2,268 errors",results_error_analysis,numeric,outputs/metrics/error_analysis/error_analysis_test.json,True,
Effusion high-confidence share of errors = 8.5%,results_error_analysis,numeric,outputs/metrics/error_analysis/error_analysis_test.json,True,
cross-label error Jaccard = 0.131,results_error_analysis,numeric,outputs/metrics/error_analysis/error_analysis_test.json,True,
"1,317 patients with errors",results_error_analysis,numeric,outputs/metrics/error_analysis/error_analysis_test.json,True,
"4,449 error images",results_error_analysis,numeric,outputs/metrics/error_analysis/error_analysis_test.json,True,
worst patient has 60 error images,results_error_analysis,numeric,outputs/metrics/error_analysis/error_analysis_test.json,True,
16 deterministic Grad-CAM cases,results_explainability,numeric,outputs/gradcam/gradcam_summary.json,True,
region/bbox sanity cohort n = 43,results_explainability,numeric,outputs/gradcam/bbox_localization.json,True,
pointing-game hits = 21/43,results_explainability,numeric,outputs/gradcam/bbox_localization.json,True,
mean concentration ratio = 2.60,results_explainability,numeric,outputs/gradcam/bbox_localization.json,True,
external validation pending; dataset unavailable,external_validation,text,outputs/metrics/external/status.json,True,
no external metrics computed,external_validation,text,outputs/metrics/external/status.json,True,
193 tests passing,testing,numeric,tests,True,
checkpoint sha256 matches manifest,testing,text,outputs/checkpoints/baseline/baseline_manifest.json,True,
