calibration,class,policy,threshold_val,f1_test,precision_test,recall_test,specificity_test
raw,Cardiomegaly,fixed,0.5,0.2836,0.1787,0.6867,0.9153
raw,Cardiomegaly,f1_optimal,0.9021,0.3536,0.3377,0.3711,0.9805
raw,Cardiomegaly,youden,0.1826,0.1852,0.1044,0.8169,0.8121
raw,Cardiomegaly,sensitivity_constrained,0.0519,0.1281,0.0689,0.9205,0.666
raw,Cardiomegaly,precision_constrained,0.9822,0.2559,0.5303,0.1687,0.996
raw,Effusion,fixed,0.5,0.4676,0.332,0.7902,0.7714
raw,Effusion,f1_optimal,0.7699,0.4866,0.444,0.5383,0.9031
raw,Effusion,youden,0.4488,0.4545,0.3138,0.8237,0.741
raw,Effusion,sensitivity_constrained,0.3044,0.4123,0.2682,0.8908,0.6505
raw,Effusion,precision_constrained,0.8475,0.4673,0.5157,0.4271,0.9423
calibrated,Cardiomegaly,fixed,0.5,0.2836,0.1787,0.6867,0.9153
calibrated,Cardiomegaly,f1_optimal,0.8666,0.3536,0.3377,0.3711,0.9805
calibrated,Cardiomegaly,youden,0.2204,0.1852,0.1044,0.8169,0.8121
calibrated,Cardiomegaly,sensitivity_constrained,0.0796,0.1281,0.0689,0.9205,0.666
calibrated,Cardiomegaly,precision_constrained,0.967,0.2559,0.5303,0.1687,0.996
calibrated,Effusion,fixed,0.5,0.4676,0.332,0.7902,0.7714
calibrated,Effusion,f1_optimal,0.7035,0.4866,0.444,0.5383,0.9031
calibrated,Effusion,youden,0.4633,0.4545,0.3138,0.8237,0.741
calibrated,Effusion,sensitivity_constrained,0.3563,0.4123,0.2682,0.8908,0.6505
calibrated,Effusion,precision_constrained,0.7732,0.4673,0.5157,0.4271,0.9423
