target_prevalence_pct,target_prevalence,observed_prevalence,target_not_feasible,note,threshold,n,support_pos,support_neg,tp,tn,fp,fn,accuracy,precision,recall,sensitivity,specificity,f1,prevalence,auroc,auprc,simulated,n_positives_kept,n_negatives_kept,class
1.0,0.01,0.026127,True,"target below observed prevalence is unreachable: positives are kept in full and only negatives are subsampled, which can only raise prevalence — cell skipped",,,,,,,,,,,,,,,,,,,,,
2.0,0.02,0.026127,True,"target below observed prevalence is unreachable: positives are kept in full and only negatives are subsampled, which can only raise prevalence — cell skipped",,,,,,,,,,,,,,,,,,,,,
5.0,,0.05,False,,0.8666406044962653,8300.0,415.0,7885.0,154.0,7715.0,170.0,261.0,0.9480722891566266,0.47530864197530864,0.3710843373493976,0.3710843373493976,0.9784400760938491,0.4167794316644114,0.05,0.8951532190906938,0.4153263937004379,True,415.0,7885.0,Cardiomegaly
10.0,,0.1,False,,0.8666406044962653,4150.0,415.0,3735.0,154.0,3678.0,57.0,261.0,0.9233734939759036,0.7298578199052133,0.3710843373493976,0.3710843373493976,0.9847389558232932,0.49201277955271566,0.1,0.8962990919501299,0.5955119446275181,True,415.0,3735.0,Cardiomegaly
20.0,,0.2,False,,0.8666406044962653,2075.0,415.0,1660.0,154.0,1627.0,33.0,261.0,0.8583132530120482,0.8235294117647058,0.3710843373493976,0.3710843373493976,0.9801204819277108,0.5116279069767441,0.2,0.897713746552475,0.7284656930998534,True,415.0,1660.0,Cardiomegaly
30.0,,0.300072,False,,0.8666406044962653,1383.0,415.0,968.0,154.0,951.0,17.0,261.0,0.7989877078814173,0.9005847953216374,0.3710843373493976,0.3710843373493976,0.9824380165289256,0.5255972696245734,0.30007230657989875,0.9000647216967042,0.8076530449443468,True,415.0,968.0,Cardiomegaly
50.0,,0.5,False,,0.8666406044962653,830.0,415.0,415.0,154.0,407.0,8.0,261.0,0.6759036144578313,0.9506172839506173,0.3710843373493976,0.3710843373493976,0.980722891566265,0.533795493934142,0.5,0.8999883872840762,0.9001785315111811,True,415.0,415.0,Cardiomegaly
1.0,0.01,0.125724,True,"target below observed prevalence is unreachable: positives are kept in full and only negatives are subsampled, which can only raise prevalence — cell skipped",,,,,,,,,,,,,,,,,,,,,
2.0,0.02,0.125724,True,"target below observed prevalence is unreachable: positives are kept in full and only negatives are subsampled, which can only raise prevalence — cell skipped",,,,,,,,,,,,,,,,,,,,,
5.0,0.05,0.125724,True,"target below observed prevalence is unreachable: positives are kept in full and only negatives are subsampled, which can only raise prevalence — cell skipped",,,,,,,,,,,,,,,,,,,,,
10.0,0.1,0.125724,True,"target below observed prevalence is unreachable: positives are kept in full and only negatives are subsampled, which can only raise prevalence — cell skipped",,,,,,,,,,,,,,,,,,,,,
20.0,,0.2,False,,0.7035260950635486,9985.0,1997.0,7988.0,1075.0,7227.0,761.0,922.0,0.8314471707561342,0.585511982570806,0.5383074611917876,0.5383074611917876,0.9047320981472209,0.5609183407252805,0.2,0.8595053947972535,0.598106501624331,True,1997.0,7988.0,Effusion
30.0,,0.30003,False,,0.7035260950635486,6656.0,1997.0,4659.0,1075.0,4225.0,434.0,922.0,0.7962740384615384,0.7123923127899271,0.5383074611917876,0.5383074611917876,0.9068469628675682,0.6132344552196234,0.3000300480769231,0.8593891051215158,0.7160676799480423,True,1997.0,4659.0,Effusion
50.0,,0.5,False,,0.7035260950635486,3994.0,1997.0,1997.0,1075.0,1785.0,212.0,922.0,0.7160741111667501,0.8352758352758353,0.5383074611917876,0.5383074611917876,0.8938407611417125,0.6546894031668696,0.5,0.8538946376500154,0.8331992971212505,True,1997.0,1997.0,Effusion
