split,class,calibration,threshold_policy,metric,point_estimate,ci_lower,ci_upper,n_bootstraps,confidence_level,method,rng_seed
test,Cardiomegaly,both (temperature-invariant),n/a,auroc,0.897229,0.884636,0.909573,2000,0.95,percentile bootstrap (resampling unit = test image),42
test,Cardiomegaly,both (temperature-invariant),n/a,auprc,0.304267,0.266097,0.345108,2000,0.95,percentile bootstrap (resampling unit = test image),42
test,Cardiomegaly,raw,n/a,brier_score,0.068083,0.065636,0.070486,2000,0.95,percentile bootstrap (resampling unit = test image),42
test,Cardiomegaly,raw,n/a,ece,0.106143,0.102831,0.109131,2000,0.95,percentile bootstrap (resampling unit = test image),42
test,Cardiomegaly,raw,fixed,accuracy,0.909343,0.905565,0.913057,2000,0.95,percentile bootstrap (resampling unit = test image),42
test,Cardiomegaly,raw,fixed,precision,0.178683,0.162993,0.194428,2000,0.95,percentile bootstrap (resampling unit = test image),42
test,Cardiomegaly,raw,fixed,recall,0.686747,0.650831,0.723163,2000,0.95,percentile bootstrap (resampling unit = test image),42
test,Cardiomegaly,raw,fixed,specificity,0.915314,0.911491,0.919024,2000,0.95,percentile bootstrap (resampling unit = test image),42
test,Cardiomegaly,raw,fixed,f1,0.283582,0.261952,0.305008,2000,0.95,percentile bootstrap (resampling unit = test image),42
test,Cardiomegaly,raw,f1_optimal,accuracy,0.964556,0.962226,0.967011,2000,0.95,percentile bootstrap (resampling unit = test image),42
test,Cardiomegaly,raw,f1_optimal,precision,0.337719,0.301309,0.374437,2000,0.95,percentile bootstrap (resampling unit = test image),42
test,Cardiomegaly,raw,f1_optimal,recall,0.371084,0.332491,0.410328,2000,0.95,percentile bootstrap (resampling unit = test image),42
test,Cardiomegaly,raw,f1_optimal,specificity,0.980477,0.978682,0.982221,2000,0.95,percentile bootstrap (resampling unit = test image),42
test,Cardiomegaly,raw,f1_optimal,f1,0.353617,0.320589,0.387032,2000,0.95,percentile bootstrap (resampling unit = test image),42
test,Cardiomegaly,raw,youden,accuracy,0.812201,0.807164,0.8173,2000,0.95,percentile bootstrap (resampling unit = test image),42
test,Cardiomegaly,raw,youden,precision,0.104436,0.095905,0.113683,2000,0.95,percentile bootstrap (resampling unit = test image),42
test,Cardiomegaly,raw,youden,recall,0.816867,0.784264,0.847666,2000,0.95,percentile bootstrap (resampling unit = test image),42
test,Cardiomegaly,raw,youden,specificity,0.812076,0.807158,0.817429,2000,0.95,percentile bootstrap (resampling unit = test image),42
test,Cardiomegaly,raw,youden,f1,0.185195,0.171145,0.19929,2000,0.95,percentile bootstrap (resampling unit = test image),42
test,Cardiomegaly,raw,sensitivity_constrained,accuracy,0.672689,0.666394,0.678607,2000,0.95,percentile bootstrap (resampling unit = test image),42
test,Cardiomegaly,raw,sensitivity_constrained,precision,0.068854,0.063282,0.074482,2000,0.95,percentile bootstrap (resampling unit = test image),42
test,Cardiomegaly,raw,sensitivity_constrained,recall,0.920482,0.897218,0.940775,2000,0.95,percentile bootstrap (resampling unit = test image),42
test,Cardiomegaly,raw,sensitivity_constrained,specificity,0.666042,0.659627,0.672341,2000,0.95,percentile bootstrap (resampling unit = test image),42
test,Cardiomegaly,raw,sensitivity_constrained,f1,0.128123,0.119004,0.138139,2000,0.95,percentile bootstrap (resampling unit = test image),42
test,Cardiomegaly,raw,precision_constrained,accuracy,0.974377,0.972299,0.976328,2000,0.95,percentile bootstrap (resampling unit = test image),42
test,Cardiomegaly,raw,precision_constrained,precision,0.530303,0.460848,0.601507,2000,0.95,percentile bootstrap (resampling unit = test image),42
test,Cardiomegaly,raw,precision_constrained,recall,0.168675,0.138425,0.199559,2000,0.95,percentile bootstrap (resampling unit = test image),42
test,Cardiomegaly,raw,precision_constrained,specificity,0.995992,0.995155,0.996841,2000,0.95,percentile bootstrap (resampling unit = test image),42
test,Cardiomegaly,raw,precision_constrained,f1,0.255941,0.214418,0.29474,2000,0.95,percentile bootstrap (resampling unit = test image),42
test,Cardiomegaly,calibrated,n/a,brier_score,0.067758,0.065501,0.070045,2000,0.95,percentile bootstrap (resampling unit = test image),42
test,Cardiomegaly,calibrated,n/a,ece,0.116876,0.113831,0.119777,2000,0.95,percentile bootstrap (resampling unit = test image),42
test,Cardiomegaly,calibrated,fixed,accuracy,0.909343,0.905439,0.913183,2000,0.95,percentile bootstrap (resampling unit = test image),42
test,Cardiomegaly,calibrated,fixed,precision,0.178683,0.162935,0.193738,2000,0.95,percentile bootstrap (resampling unit = test image),42
test,Cardiomegaly,calibrated,fixed,recall,0.686747,0.650479,0.725698,2000,0.95,percentile bootstrap (resampling unit = test image),42
test,Cardiomegaly,calibrated,fixed,specificity,0.915314,0.91155,0.918852,2000,0.95,percentile bootstrap (resampling unit = test image),42
test,Cardiomegaly,calibrated,fixed,f1,0.283582,0.262227,0.306228,2000,0.95,percentile bootstrap (resampling unit = test image),42
test,Cardiomegaly,calibrated,f1_optimal,accuracy,0.964556,0.962097,0.966822,2000,0.95,percentile bootstrap (resampling unit = test image),42
test,Cardiomegaly,calibrated,f1_optimal,precision,0.337719,0.301612,0.373555,2000,0.95,percentile bootstrap (resampling unit = test image),42
test,Cardiomegaly,calibrated,f1_optimal,recall,0.371084,0.331797,0.411066,2000,0.95,percentile bootstrap (resampling unit = test image),42
test,Cardiomegaly,calibrated,f1_optimal,specificity,0.980477,0.978671,0.982312,2000,0.95,percentile bootstrap (resampling unit = test image),42
test,Cardiomegaly,calibrated,f1_optimal,f1,0.353617,0.317318,0.388001,2000,0.95,percentile bootstrap (resampling unit = test image),42
test,Cardiomegaly,calibrated,youden,accuracy,0.812201,0.807227,0.817426,2000,0.95,percentile bootstrap (resampling unit = test image),42
test,Cardiomegaly,calibrated,youden,precision,0.104436,0.095692,0.112993,2000,0.95,percentile bootstrap (resampling unit = test image),42
test,Cardiomegaly,calibrated,youden,recall,0.816867,0.7852,0.847619,2000,0.95,percentile bootstrap (resampling unit = test image),42
test,Cardiomegaly,calibrated,youden,specificity,0.812076,0.806903,0.817407,2000,0.95,percentile bootstrap (resampling unit = test image),42
test,Cardiomegaly,calibrated,youden,f1,0.185195,0.170303,0.200266,2000,0.95,percentile bootstrap (resampling unit = test image),42
test,Cardiomegaly,calibrated,sensitivity_constrained,accuracy,0.672689,0.666394,0.678862,2000,0.95,percentile bootstrap (resampling unit = test image),42
test,Cardiomegaly,calibrated,sensitivity_constrained,precision,0.068854,0.063108,0.07461,2000,0.95,percentile bootstrap (resampling unit = test image),42
test,Cardiomegaly,calibrated,sensitivity_constrained,recall,0.920482,0.898821,0.942065,2000,0.95,percentile bootstrap (resampling unit = test image),42
test,Cardiomegaly,calibrated,sensitivity_constrained,specificity,0.666042,0.659946,0.672503,2000,0.95,percentile bootstrap (resampling unit = test image),42
test,Cardiomegaly,calibrated,sensitivity_constrained,f1,0.128123,0.118332,0.137522,2000,0.95,percentile bootstrap (resampling unit = test image),42
test,Cardiomegaly,calibrated,precision_constrained,accuracy,0.974377,0.972299,0.976454,2000,0.95,percentile bootstrap (resampling unit = test image),42
test,Cardiomegaly,calibrated,precision_constrained,precision,0.530303,0.456886,0.601504,2000,0.95,percentile bootstrap (resampling unit = test image),42
test,Cardiomegaly,calibrated,precision_constrained,recall,0.168675,0.137333,0.198069,2000,0.95,percentile bootstrap (resampling unit = test image),42
test,Cardiomegaly,calibrated,precision_constrained,specificity,0.995992,0.995147,0.996828,2000,0.95,percentile bootstrap (resampling unit = test image),42
test,Cardiomegaly,calibrated,precision_constrained,f1,0.255941,0.21601,0.294627,2000,0.95,percentile bootstrap (resampling unit = test image),42
test,Effusion,both (temperature-invariant),n/a,auroc,0.858686,0.85177,0.865541,2000,0.95,percentile bootstrap (resampling unit = test image),42
test,Effusion,both (temperature-invariant),n/a,auprc,0.469965,0.451595,0.489788,2000,0.95,percentile bootstrap (resampling unit = test image),42
test,Effusion,raw,n/a,brier_score,0.156148,0.152857,0.159399,2000,0.95,percentile bootstrap (resampling unit = test image),42
test,Effusion,raw,n/a,ece,0.207741,0.203453,0.212017,2000,0.95,percentile bootstrap (resampling unit = test image),42
test,Effusion,raw,fixed,accuracy,0.773735,0.76838,0.779149,2000,0.95,percentile bootstrap (resampling unit = test image),42
test,Effusion,raw,fixed,precision,0.332001,0.320547,0.342589,2000,0.95,percentile bootstrap (resampling unit = test image),42
test,Effusion,raw,fixed,recall,0.790185,0.775171,0.805328,2000,0.95,percentile bootstrap (resampling unit = test image),42
test,Effusion,raw,fixed,specificity,0.771369,0.765743,0.777251,2000,0.95,percentile bootstrap (resampling unit = test image),42
test,Effusion,raw,fixed,f1,0.467556,0.455115,0.47997,2000,0.95,percentile bootstrap (resampling unit = test image),42
test,Effusion,raw,f1_optimal,accuracy,0.857215,0.852679,0.861874,2000,0.95,percentile bootstrap (resampling unit = test image),42
test,Effusion,raw,f1_optimal,precision,0.444031,0.427324,0.461411,2000,0.95,percentile bootstrap (resampling unit = test image),42
test,Effusion,raw,f1_optimal,recall,0.538307,0.520099,0.556508,2000,0.95,percentile bootstrap (resampling unit = test image),42
test,Effusion,raw,f1_optimal,specificity,0.903075,0.898944,0.907315,2000,0.95,percentile bootstrap (resampling unit = test image),42
test,Effusion,raw,f1_optimal,f1,0.486646,0.47091,0.501018,2000,0.95,percentile bootstrap (resampling unit = test image),42
test,Effusion,raw,youden,accuracy,0.751385,0.745902,0.756925,2000,0.95,percentile bootstrap (resampling unit = test image),42
test,Effusion,raw,youden,precision,0.313812,0.303206,0.32432,2000,0.95,percentile bootstrap (resampling unit = test image),42
test,Effusion,raw,youden,recall,0.823736,0.809619,0.836925,2000,0.95,percentile bootstrap (resampling unit = test image),42
test,Effusion,raw,youden,specificity,0.740981,0.734983,0.747231,2000,0.95,percentile bootstrap (resampling unit = test image),42
test,Effusion,raw,youden,f1,0.454483,0.442953,0.46642,2000,0.95,percentile bootstrap (resampling unit = test image),42
test,Effusion,raw,sensitivity_constrained,accuracy,0.680748,0.67483,0.686729,2000,0.95,percentile bootstrap (resampling unit = test image),42
test,Effusion,raw,sensitivity_constrained,precision,0.268245,0.259598,0.276864,2000,0.95,percentile bootstrap (resampling unit = test image),42
test,Effusion,raw,sensitivity_constrained,recall,0.890836,0.879131,0.902275,2000,0.95,percentile bootstrap (resampling unit = test image),42
test,Effusion,raw,sensitivity_constrained,specificity,0.650536,0.644109,0.657213,2000,0.95,percentile bootstrap (resampling unit = test image),42
test,Effusion,raw,sensitivity_constrained,f1,0.412331,0.401442,0.423331,2000,0.95,percentile bootstrap (resampling unit = test image),42
test,Effusion,raw,precision_constrained,accuracy,0.87755,0.873206,0.881957,2000,0.95,percentile bootstrap (resampling unit = test image),42
test,Effusion,raw,precision_constrained,precision,0.515719,0.496418,0.535761,2000,0.95,percentile bootstrap (resampling unit = test image),42
test,Effusion,raw,precision_constrained,recall,0.427141,0.40887,0.44547,2000,0.95,percentile bootstrap (resampling unit = test image),42
test,Effusion,raw,precision_constrained,specificity,0.94232,0.93906,0.945519,2000,0.95,percentile bootstrap (resampling unit = test image),42
test,Effusion,raw,precision_constrained,f1,0.467269,0.450391,0.484419,2000,0.95,percentile bootstrap (resampling unit = test image),42
test,Effusion,calibrated,n/a,brier_score,0.153321,0.150741,0.155959,2000,0.95,percentile bootstrap (resampling unit = test image),42
test,Effusion,calibrated,n/a,ece,0.229156,0.225005,0.233283,2000,0.95,percentile bootstrap (resampling unit = test image),42
test,Effusion,calibrated,fixed,accuracy,0.773735,0.768257,0.779149,2000,0.95,percentile bootstrap (resampling unit = test image),42
test,Effusion,calibrated,fixed,precision,0.332001,0.320082,0.34312,2000,0.95,percentile bootstrap (resampling unit = test image),42
test,Effusion,calibrated,fixed,recall,0.790185,0.77482,0.805189,2000,0.95,percentile bootstrap (resampling unit = test image),42
test,Effusion,calibrated,fixed,specificity,0.771369,0.765154,0.77702,2000,0.95,percentile bootstrap (resampling unit = test image),42
test,Effusion,calibrated,fixed,f1,0.467556,0.454885,0.479537,2000,0.95,percentile bootstrap (resampling unit = test image),42
test,Effusion,calibrated,f1_optimal,accuracy,0.857215,0.852619,0.861748,2000,0.95,percentile bootstrap (resampling unit = test image),42
test,Effusion,calibrated,f1_optimal,precision,0.444031,0.426977,0.460318,2000,0.95,percentile bootstrap (resampling unit = test image),42
test,Effusion,calibrated,f1_optimal,recall,0.538307,0.520041,0.557094,2000,0.95,percentile bootstrap (resampling unit = test image),42
test,Effusion,calibrated,f1_optimal,specificity,0.903075,0.898831,0.907025,2000,0.95,percentile bootstrap (resampling unit = test image),42
test,Effusion,calibrated,f1_optimal,f1,0.486646,0.471346,0.501912,2000,0.95,percentile bootstrap (resampling unit = test image),42
test,Effusion,calibrated,youden,accuracy,0.751385,0.745716,0.756925,2000,0.95,percentile bootstrap (resampling unit = test image),42
test,Effusion,calibrated,youden,precision,0.313812,0.303259,0.324258,2000,0.95,percentile bootstrap (resampling unit = test image),42
test,Effusion,calibrated,youden,recall,0.823736,0.809424,0.837477,2000,0.95,percentile bootstrap (resampling unit = test image),42
test,Effusion,calibrated,youden,specificity,0.740981,0.734792,0.747217,2000,0.95,percentile bootstrap (resampling unit = test image),42
test,Effusion,calibrated,youden,f1,0.454483,0.44307,0.466632,2000,0.95,percentile bootstrap (resampling unit = test image),42
test,Effusion,calibrated,sensitivity_constrained,accuracy,0.680748,0.674452,0.686981,2000,0.95,percentile bootstrap (resampling unit = test image),42
test,Effusion,calibrated,sensitivity_constrained,precision,0.268245,0.259197,0.277246,2000,0.95,percentile bootstrap (resampling unit = test image),42
test,Effusion,calibrated,sensitivity_constrained,recall,0.890836,0.879667,0.902209,2000,0.95,percentile bootstrap (resampling unit = test image),42
test,Effusion,calibrated,sensitivity_constrained,specificity,0.650536,0.643935,0.65728,2000,0.95,percentile bootstrap (resampling unit = test image),42
test,Effusion,calibrated,sensitivity_constrained,f1,0.412331,0.401398,0.422936,2000,0.95,percentile bootstrap (resampling unit = test image),42
test,Effusion,calibrated,precision_constrained,accuracy,0.87755,0.87308,0.881705,2000,0.95,percentile bootstrap (resampling unit = test image),42
test,Effusion,calibrated,precision_constrained,precision,0.515719,0.494953,0.534522,2000,0.95,percentile bootstrap (resampling unit = test image),42
test,Effusion,calibrated,precision_constrained,recall,0.427141,0.408593,0.444159,2000,0.95,percentile bootstrap (resampling unit = test image),42
test,Effusion,calibrated,precision_constrained,specificity,0.94232,0.938854,0.945647,2000,0.95,percentile bootstrap (resampling unit = test image),42
test,Effusion,calibrated,precision_constrained,f1,0.467269,0.449339,0.483364,2000,0.95,percentile bootstrap (resampling unit = test image),42
