class,variant,policy,threshold,constraint_met_on_val,target,val_achieved,val_achieved_metric,test_accuracy,test_precision,test_recall,test_specificity,test_f1
Cardiomegaly,raw,fixed,0.5,,0.5,,,0.9093427348274994,0.1786833855799373,0.6867469879518072,0.9153144999676773,0.2835820895522388
Cardiomegaly,raw,f1_optimal,0.902093,,,,,0.9645555275749181,0.33771929824561403,0.3710843373493976,0.9804770831986553,0.35361653272101035
Cardiomegaly,raw,youden,0.182571,,,,,0.812200956937799,0.1044362292051756,0.8168674698795181,0.81207576443209,0.18519530183010105
Cardiomegaly,raw,sensitivity_constrained,0.051942,True,0.9,0.9005102040816326,sensitivity,0.6726894988667842,0.0688536409516943,0.9204819277108434,0.6660417609412373,0.1281234278047962
Cardiomegaly,raw,precision_constrained,0.982151,True,0.5,0.5,precision,0.974376731301939,0.5303030303030303,0.1686746987951807,0.9959919839679359,0.25594149908592323
Cardiomegaly,calibrated,fixed,0.5,,0.5,,,0.9093427348274994,0.1786833855799373,0.6867469879518072,0.9153144999676773,0.2835820895522388
Cardiomegaly,calibrated,f1_optimal,0.866641,,,,,0.9645555275749181,0.33771929824561403,0.3710843373493976,0.9804770831986553,0.35361653272101035
Cardiomegaly,calibrated,youden,0.220397,,,,,0.812200956937799,0.1044362292051756,0.8168674698795181,0.81207576443209,0.18519530183010105
Cardiomegaly,calibrated,sensitivity_constrained,0.079607,True,0.9,0.9005102040816326,sensitivity,0.6726894988667842,0.0688536409516943,0.9204819277108434,0.6660417609412373,0.1281234278047962
Cardiomegaly,calibrated,precision_constrained,0.967001,True,0.5,0.5,precision,0.974376731301939,0.5303030303030303,0.1686746987951807,0.9959919839679359,0.25594149908592323
Cardiomegaly,logistic,fixed,0.5,,0.5,,,0.9747544699068245,0.64,0.07710843373493977,0.998836382442304,0.13763440860215054
Cardiomegaly,logistic,f1_optimal,0.168035,,,,,0.9645555275749181,0.33771929824561403,0.3710843373493976,0.9804770831986553,0.35361653272101035
Cardiomegaly,logistic,youden,0.025994,,,,,0.812200956937799,0.1044362292051756,0.8168674698795181,0.81207576443209,0.18519530183010105
Cardiomegaly,logistic,sensitivity_constrained,0.012271,True,0.9,0.9005102040816326,sensitivity,0.6726894988667842,0.0688536409516943,0.9204819277108434,0.6660417609412373,0.1281234278047962
Cardiomegaly,logistic,precision_constrained,0.348136,True,0.5,0.5,precision,0.974376731301939,0.5303030303030303,0.1686746987951807,0.9959919839679359,0.25594149908592323
Effusion,raw,fixed,0.5,,0.5,,,0.7737345756736338,0.3320008415737429,0.7901852779168753,0.7713689061712393,0.46755555555555556
Effusion,raw,f1_optimal,0.769946,,,,,0.8572148073533115,0.4440313919867823,0.5383074611917876,0.9030748181752718,0.4866455409687641
Effusion,raw,youden,0.448758,,,,,0.7513850415512465,0.3138115223197253,0.8237356034051077,0.7409807733851804,0.4544826633512916
Effusion,raw,sensitivity_constrained,0.304352,True,0.9,0.9003051881993896,sensitivity,0.6807479224376731,0.26824487334137515,0.8908362543815723,0.6505364729603226,0.4123305133850968
Effusion,raw,precision_constrained,0.847464,True,0.5,0.5,precision,0.8775497355829766,0.5157194679564692,0.4271407110665999,0.9423201555411536,0.46726924130375236
Effusion,calibrated,fixed,0.5,,0.5,,,0.7737345756736338,0.3320008415737429,0.7901852779168753,0.7713689061712393,0.46755555555555556
Effusion,calibrated,f1_optimal,0.703526,,,,,0.8572148073533115,0.4440313919867823,0.5383074611917876,0.9030748181752718,0.4866455409687641
Effusion,calibrated,youden,0.463282,,,,,0.7513850415512465,0.3138115223197253,0.8237356034051077,0.7409807733851804,0.4544826633512916
Effusion,calibrated,sensitivity_constrained,0.356325,True,0.9,0.9003051881993896,sensitivity,0.6807479224376731,0.26824487334137515,0.8908362543815723,0.6505364729603226,0.4123305133850968
Effusion,calibrated,precision_constrained,0.773242,True,0.5,0.5,precision,0.8775497355829766,0.5157194679564692,0.4271407110665999,0.9423201555411536,0.46726924130375236
Effusion,logistic,fixed,0.5,,0.5,,,0.8837194661294384,0.603021978021978,0.2198297446169254,0.9791891697270829,0.3222018348623853
Effusion,logistic,f1_optimal,0.251798,,,,,0.8572148073533115,0.4440313919867823,0.5383074611917876,0.9030748181752718,0.4866455409687641
Effusion,logistic,youden,0.10474,,,,,0.7513850415512465,0.3138115223197253,0.8237356034051077,0.7409807733851804,0.4544826633512916
Effusion,logistic,sensitivity_constrained,0.068514,True,0.9,0.9003051881993896,sensitivity,0.6807479224376731,0.26824487334137515,0.8908362543815723,0.6505364729603226,0.4123305133850968
Effusion,logistic,precision_constrained,0.329546,True,0.5,0.5,precision,0.8775497355829766,0.5157194679564692,0.4271407110665999,0.9423201555411536,0.46726924130375236
