class,error_type,confidence_bin,count,percentage
Cardiomegaly,TP,all,154,0.97
Cardiomegaly,FP,all,302,1.901
Cardiomegaly,FN,all,261,1.643
Cardiomegaly,TN,all,15167,95.486
Cardiomegaly,error,[0.0-0.1],41,0.258
Cardiomegaly,error,[0.1-0.2],28,0.176
Cardiomegaly,error,[0.2-0.3],16,0.101
Cardiomegaly,error,[0.3-0.4],23,0.145
Cardiomegaly,error,[0.4-0.5],22,0.139
Cardiomegaly,error,[0.5-0.6],326,2.052
Cardiomegaly,error,[0.6-0.7],264,1.662
Cardiomegaly,error,[0.7-0.8],269,1.694
Cardiomegaly,error,[0.8-0.9],218,1.372
Cardiomegaly,error,[0.9-1.0],233,1.467
Effusion,TP,all,1075,6.768
Effusion,FP,all,1346,8.474
Effusion,FN,all,922,5.805
Effusion,TN,all,12541,78.954
Effusion,error,[0.0-0.1],22,0.139
Effusion,error,[0.1-0.2],56,0.353
Effusion,error,[0.2-0.3],80,0.504
Effusion,error,[0.3-0.4],112,0.705
Effusion,error,[0.4-0.5],149,0.938
Effusion,error,[0.5-0.6],1003,6.315
Effusion,error,[0.6-0.7],804,5.062
Effusion,error,[0.7-0.8],730,4.596
Effusion,error,[0.8-0.9],467,2.94
Effusion,error,[0.9-1.0],171,1.077
