class,arm_a,arm_b,metric,delta,pairs_identical_thresholds
Cardiomegaly,C,E,f1,-0.215982,
Cardiomegaly,C,E,precision,0.302281,
Cardiomegaly,C,E,recall,-0.293976,
Cardiomegaly,C,E,specificity,0.018359,
Cardiomegaly,C,F,f1,0.0,
Cardiomegaly,C,F,precision,0.0,
Cardiomegaly,C,F,recall,0.0,
Cardiomegaly,C,F,specificity,0.0,
Cardiomegaly,D,E,f1,-0.215982,
Cardiomegaly,D,E,precision,0.302281,
Cardiomegaly,D,E,recall,-0.293976,
Cardiomegaly,D,E,specificity,0.018359,
Cardiomegaly,D,F,f1,0.0,
Cardiomegaly,D,F,precision,0.0,
Cardiomegaly,D,F,recall,0.0,
Cardiomegaly,D,F,specificity,0.0,
Effusion,C,E,f1,-0.164444,
Effusion,C,E,precision,0.158991,
Effusion,C,E,recall,-0.318478,
Effusion,C,E,specificity,0.076114,
Effusion,C,F,f1,0.0,
Effusion,C,F,precision,0.0,
Effusion,C,F,recall,0.0,
Effusion,C,F,specificity,0.0,
Effusion,D,E,f1,-0.164444,
Effusion,D,E,precision,0.158991,
Effusion,D,E,recall,-0.318478,
Effusion,D,E,specificity,0.076114,
Effusion,D,F,f1,0.0,
Effusion,D,F,precision,0.0,
Effusion,D,F,recall,0.0,
Effusion,D,F,specificity,0.0,
