arm,variant,policy,class,threshold,f1,precision,recall,specificity,accuracy,auroc,auprc,ece,brier,nll,extension
A,raw,fixed,Cardiomegaly,0.5,0.2835820895522388,0.1786833855799373,0.6867469879518072,0.9153144999676773,0.9093427348274994,0.8972288922968361,0.3042669219007368,0.10614299535375264,0.06808255003707243,0.22966802415469867,False
B,calibrated,fixed,Cardiomegaly,0.5,0.2835820895522388,0.1786833855799373,0.6867469879518072,0.9153144999676773,0.9093427348274994,0.8972288922968361,0.3042669219007368,0.11687622921642567,0.06775820153513111,0.22617133331977438,False
C,raw,f1_optimal,Cardiomegaly,0.9020933,0.35361653272101035,0.33771929824561403,0.3710843373493976,0.9804770831986553,0.9645555275749181,0.8972288922968361,0.3042669219007368,0.10614299535375264,0.06808255003707243,0.22966802415469867,False
D,calibrated,f1_optimal,Cardiomegaly,0.8666406044962653,0.35361653272101035,0.33771929824561403,0.3710843373493976,0.9804770831986553,0.9645555275749181,0.8972288922968361,0.3042669219007368,0.11687622921642567,0.06775820153513111,0.22617133331977438,False
E,logistic,fixed,Cardiomegaly,0.5,0.13763440860215054,0.64,0.07710843373493977,0.998836382442304,0.9747544699068245,0.8972288922968361,0.3042669219007368,0.0028719838203485563,0.021202625049866246,0.08465834961566318,True
F,logistic,f1_optimal,Cardiomegaly,0.16803454215503866,0.35361653272101035,0.33771929824561403,0.3710843373493976,0.9804770831986553,0.9645555275749181,0.8972288922968361,0.3042669219007368,0.0028719838203485563,0.021202625049866246,0.08465834961566318,True
A,raw,fixed,Effusion,0.5,0.46755555555555556,0.3320008415737429,0.7901852779168753,0.7713689061712393,0.7737345756736338,0.8586858468735723,0.4699653913847005,0.207740562650292,0.15614782765402754,0.4819300754929258,False
B,calibrated,fixed,Effusion,0.5,0.46755555555555556,0.3320008415737429,0.7901852779168753,0.7713689061712393,0.7737345756736338,0.8586858468735723,0.4699653913847005,0.22915634503612273,0.15332075621481234,0.46902431474297224,False
C,raw,f1_optimal,Effusion,0.7699463,0.4866455409687641,0.4440313919867823,0.5383074611917876,0.9030748181752718,0.8572148073533115,0.8586858468735723,0.4699653913847005,0.207740562650292,0.15614782765402754,0.4819300754929258,False
D,calibrated,f1_optimal,Effusion,0.7035260950635486,0.4866455409687641,0.4440313919867823,0.5383074611917876,0.9030748181752718,0.8572148073533115,0.8586858468735723,0.4699653913847005,0.22915634503612273,0.15332075621481234,0.46902431474297224,False
E,logistic,fixed,Effusion,0.5,0.3222018348623853,0.603021978021978,0.2198297446169254,0.9791891697270829,0.8837194661294384,0.8586858468735723,0.4699653913847005,0.013603014261689767,0.08426692907942568,0.27630967159736947,True
F,logistic,f1_optimal,Effusion,0.2517981190539106,0.4866455409687641,0.4440313919867823,0.5383074611917876,0.9030748181752718,0.8572148073533115,0.8586858468735723,0.4699653913847005,0.013603014261689767,0.08426692907942568,0.27630967159736947,True
