experiment_id,experiment_name,dataset,split,model,calibration,threshold_policy,class,accuracy,precision,recall,sensitivity,specificity,f1,auroc,auprc,ece,brier_score,n_samples,n_positive,n_negative
A,baseline,NIH ChestXray14,test,densenet121_baseline_v1,raw,fixed,Cardiomegaly,0.909343,0.178683,0.686747,0.686747,0.915314,0.283582,0.897229,0.304267,0.106143,0.068083,15884,415,15469
A,baseline,NIH ChestXray14,test,densenet121_baseline_v1,raw,fixed,Effusion,0.773735,0.332001,0.790185,0.790185,0.771369,0.467556,0.858686,0.469965,0.207741,0.156148,15884,1997,13887
B,calibration_only,NIH ChestXray14,test,densenet121_baseline_v1,calibrated,fixed,Cardiomegaly,0.909343,0.178683,0.686747,0.686747,0.915314,0.283582,0.897229,0.304267,0.116876,0.067758,15884,415,15469
B,calibration_only,NIH ChestXray14,test,densenet121_baseline_v1,calibrated,fixed,Effusion,0.773735,0.332001,0.790185,0.790185,0.771369,0.467556,0.858686,0.469965,0.229156,0.153321,15884,1997,13887
C,threshold_optimization_only,NIH ChestXray14,test,densenet121_baseline_v1,raw,fixed,Cardiomegaly,0.909343,0.178683,0.686747,0.686747,0.915314,0.283582,0.897229,0.304267,0.106143,0.068083,15884,415,15469
C,threshold_optimization_only,NIH ChestXray14,test,densenet121_baseline_v1,raw,fixed,Effusion,0.773735,0.332001,0.790185,0.790185,0.771369,0.467556,0.858686,0.469965,0.207741,0.156148,15884,1997,13887
D,calibration_plus_threshold,NIH ChestXray14,test,densenet121_baseline_v1,calibrated,fixed,Cardiomegaly,0.909343,0.178683,0.686747,0.686747,0.915314,0.283582,0.897229,0.304267,0.116876,0.067758,15884,415,15469
D,calibration_plus_threshold,NIH ChestXray14,test,densenet121_baseline_v1,calibrated,fixed,Effusion,0.773735,0.332001,0.790185,0.790185,0.771369,0.467556,0.858686,0.469965,0.229156,0.153321,15884,1997,13887
C,threshold_optimization_only,NIH ChestXray14,test,densenet121_baseline_v1,raw,f1_optimal,Cardiomegaly,0.964556,0.337719,0.371084,0.371084,0.980477,0.353617,0.897229,0.304267,0.106143,0.068083,15884,415,15469
C,threshold_optimization_only,NIH ChestXray14,test,densenet121_baseline_v1,raw,f1_optimal,Effusion,0.857215,0.444031,0.538307,0.538307,0.903075,0.486646,0.858686,0.469965,0.207741,0.156148,15884,1997,13887
D,calibration_plus_threshold,NIH ChestXray14,test,densenet121_baseline_v1,calibrated,f1_optimal,Cardiomegaly,0.964556,0.337719,0.371084,0.371084,0.980477,0.353617,0.897229,0.304267,0.116876,0.067758,15884,415,15469
D,calibration_plus_threshold,NIH ChestXray14,test,densenet121_baseline_v1,calibrated,f1_optimal,Effusion,0.857215,0.444031,0.538307,0.538307,0.903075,0.486646,0.858686,0.469965,0.229156,0.153321,15884,1997,13887
C,threshold_optimization_only,NIH ChestXray14,test,densenet121_baseline_v1,raw,youden,Cardiomegaly,0.812201,0.104436,0.816867,0.816867,0.812076,0.185195,0.897229,0.304267,0.106143,0.068083,15884,415,15469
C,threshold_optimization_only,NIH ChestXray14,test,densenet121_baseline_v1,raw,youden,Effusion,0.751385,0.313812,0.823736,0.823736,0.740981,0.454483,0.858686,0.469965,0.207741,0.156148,15884,1997,13887
D,calibration_plus_threshold,NIH ChestXray14,test,densenet121_baseline_v1,calibrated,youden,Cardiomegaly,0.812201,0.104436,0.816867,0.816867,0.812076,0.185195,0.897229,0.304267,0.116876,0.067758,15884,415,15469
D,calibration_plus_threshold,NIH ChestXray14,test,densenet121_baseline_v1,calibrated,youden,Effusion,0.751385,0.313812,0.823736,0.823736,0.740981,0.454483,0.858686,0.469965,0.229156,0.153321,15884,1997,13887
C,threshold_optimization_only,NIH ChestXray14,test,densenet121_baseline_v1,raw,sensitivity_constrained,Cardiomegaly,0.672689,0.068854,0.920482,0.920482,0.666042,0.128123,0.897229,0.304267,0.106143,0.068083,15884,415,15469
C,threshold_optimization_only,NIH ChestXray14,test,densenet121_baseline_v1,raw,sensitivity_constrained,Effusion,0.680748,0.268245,0.890836,0.890836,0.650536,0.412331,0.858686,0.469965,0.207741,0.156148,15884,1997,13887
D,calibration_plus_threshold,NIH ChestXray14,test,densenet121_baseline_v1,calibrated,sensitivity_constrained,Cardiomegaly,0.672689,0.068854,0.920482,0.920482,0.666042,0.128123,0.897229,0.304267,0.116876,0.067758,15884,415,15469
D,calibration_plus_threshold,NIH ChestXray14,test,densenet121_baseline_v1,calibrated,sensitivity_constrained,Effusion,0.680748,0.268245,0.890836,0.890836,0.650536,0.412331,0.858686,0.469965,0.229156,0.153321,15884,1997,13887
C,threshold_optimization_only,NIH ChestXray14,test,densenet121_baseline_v1,raw,precision_constrained,Cardiomegaly,0.974377,0.530303,0.168675,0.168675,0.995992,0.255941,0.897229,0.304267,0.106143,0.068083,15884,415,15469
C,threshold_optimization_only,NIH ChestXray14,test,densenet121_baseline_v1,raw,precision_constrained,Effusion,0.87755,0.515719,0.427141,0.427141,0.94232,0.467269,0.858686,0.469965,0.207741,0.156148,15884,1997,13887
D,calibration_plus_threshold,NIH ChestXray14,test,densenet121_baseline_v1,calibrated,precision_constrained,Cardiomegaly,0.974377,0.530303,0.168675,0.168675,0.995992,0.255941,0.897229,0.304267,0.116876,0.067758,15884,415,15469
D,calibration_plus_threshold,NIH ChestXray14,test,densenet121_baseline_v1,calibrated,precision_constrained,Effusion,0.87755,0.515719,0.427141,0.427141,0.94232,0.467269,0.858686,0.469965,0.229156,0.153321,15884,1997,13887
