experiment,split,label,policy,variant,metric,value
exp1_calibration,val,Cardiomegaly,,raw,ece,0.1086454240007964
exp1_calibration,val,Cardiomegaly,,raw,brier,0.0704982380252385
exp1_calibration,val,Cardiomegaly,,calibrated,ece,0.1194475479641121
exp1_calibration,val,Cardiomegaly,,calibrated,brier,0.069945775975692
exp1_calibration,val,Effusion,,raw,ece,0.2145337534411385
exp1_calibration,val,Effusion,,raw,brier,0.1585484587127964
exp1_calibration,val,Effusion,,calibrated,ece,0.2351314064489706
exp1_calibration,val,Effusion,,calibrated,brier,0.1547620760718456
exp1_calibration,test,Cardiomegaly,,raw,ece,0.1061429953537526
exp1_calibration,test,Cardiomegaly,,raw,brier,0.0680825500370724
exp1_calibration,test,Cardiomegaly,,calibrated,ece,0.1168762292164256
exp1_calibration,test,Cardiomegaly,,calibrated,brier,0.0677582015351311
exp1_calibration,test,Effusion,,raw,ece,0.207740562650292
exp1_calibration,test,Effusion,,raw,brier,0.1561478276540275
exp1_calibration,test,Effusion,,calibrated,ece,0.2291563450361227
exp1_calibration,test,Effusion,,calibrated,brier,0.1533207562148123
thresholds_raw,val,Cardiomegaly,fixed,raw,precision,0.1390568319226118
thresholds_raw,val,Cardiomegaly,fixed,raw,recall,0.5867346938775511
thresholds_raw,val,Cardiomegaly,fixed,raw,specificity,0.9113269817547792
thresholds_raw,val,Cardiomegaly,fixed,raw,f1,0.2248289345063538
thresholds_raw,val,Cardiomegaly,fixed,raw,accuracy,0.9035924867789192
thresholds_raw,val,Cardiomegaly,fixed,raw,sensitivity,0.5867346938775511
thresholds_raw,val,Cardiomegaly,f1_optimal,raw,precision,0.3058823529411765
thresholds_raw,val,Cardiomegaly,f1_optimal,raw,recall,0.3316326530612244
thresholds_raw,val,Cardiomegaly,f1_optimal,raw,specificity,0.9816302384955476
thresholds_raw,val,Cardiomegaly,f1_optimal,raw,f1,0.3182374541003672
thresholds_raw,val,Cardiomegaly,f1_optimal,raw,accuracy,0.9661418758738072
thresholds_raw,val,Cardiomegaly,f1_optimal,raw,sensitivity,0.3316326530612244
thresholds_raw,val,Cardiomegaly,youden,raw,precision,0.0904053659959171
thresholds_raw,val,Cardiomegaly,youden,raw,recall,0.7908163265306123
thresholds_raw,val,Cardiomegaly,youden,raw,specificity,0.8057786910766548
thresholds_raw,val,Cardiomegaly,youden,raw,f1,0.1622611881706359
thresholds_raw,val,Cardiomegaly,youden,raw,accuracy,0.8054221627864567
thresholds_raw,val,Cardiomegaly,youden,raw,sensitivity,0.7908163265306123
thresholds_raw,val,Cardiomegaly,sensitivity_constrained,raw,precision,0.0607364074328974
thresholds_raw,val,Cardiomegaly,sensitivity_constrained,raw,recall,0.9005102040816326
thresholds_raw,val,Cardiomegaly,sensitivity_constrained,raw,specificity,0.6600660066006601
thresholds_raw,val,Cardiomegaly,sensitivity_constrained,raw,f1,0.1137975499677627
thresholds_raw,val,Cardiomegaly,sensitivity_constrained,raw,accuracy,0.6657953923773631
thresholds_raw,val,Cardiomegaly,sensitivity_constrained,raw,sensitivity,0.9005102040816326
thresholds_raw,val,Cardiomegaly,precision_constrained,raw,precision,0.5
thresholds_raw,val,Cardiomegaly,precision_constrained,raw,recall,0.1096938775510204
thresholds_raw,val,Cardiomegaly,precision_constrained,raw,specificity,0.9973223737468088
thresholds_raw,val,Cardiomegaly,precision_constrained,raw,f1,0.1799163179916317
thresholds_raw,val,Cardiomegaly,precision_constrained,raw,accuracy,0.9761716612971856
thresholds_raw,val,Cardiomegaly,precision_constrained,raw,sensitivity,0.1096938775510204
thresholds_raw,val,Effusion,fixed,raw,precision,0.3196457326892109
thresholds_raw,val,Effusion,fixed,raw,recall,0.8077314343845371
thresholds_raw,val,Effusion,fixed,raw,specificity,0.7666551605108733
thresholds_raw,val,Effusion,fixed,raw,f1,0.4580328814537064
thresholds_raw,val,Effusion,fixed,raw,accuracy,0.7715640386602638
thresholds_raw,val,Effusion,fixed,raw,sensitivity,0.8077314343845371
thresholds_raw,val,Effusion,f1_optimal,raw,precision,0.4426291793313069
thresholds_raw,val,Effusion,f1_optimal,raw,recall,0.5925737538148524
thresholds_raw,val,Effusion,f1_optimal,raw,specificity,0.8987228167069382
thresholds_raw,val,Effusion,f1_optimal,raw,f1,0.5067420617659852
thresholds_raw,val,Effusion,f1_optimal,raw,accuracy,0.862136040362288
thresholds_raw,val,Effusion,f1_optimal,raw,sensitivity,0.5925737538148524
thresholds_raw,val,Effusion,youden,raw,precision,0.3048286030224843
thresholds_raw,val,Effusion,youden,raw,recall,0.8413021363173957
thresholds_raw,val,Effusion,youden,raw,specificity,0.7395926820849155
thresholds_raw,val,Effusion,youden,raw,f1,0.4475108225108225
thresholds_raw,val,Effusion,youden,raw,accuracy,0.7517476141268008
thresholds_raw,val,Effusion,youden,raw,sensitivity,0.8413021363173957
thresholds_raw,val,Effusion,sensitivity_constrained,raw,precision,0.2596830985915493
thresholds_raw,val,Effusion,sensitivity_constrained,raw,recall,0.9003051881993896
thresholds_raw,val,Effusion,sensitivity_constrained,raw,specificity,0.6516396272005522
thresholds_raw,val,Effusion,sensitivity_constrained,raw,f1,0.4030972443634708
thresholds_raw,val,Effusion,sensitivity_constrained,raw,accuracy,0.6813567564281806
thresholds_raw,val,Effusion,sensitivity_constrained,raw,sensitivity,0.9003051881993896
thresholds_raw,val,Effusion,precision_constrained,raw,precision,0.5
thresholds_raw,val,Effusion,precision_constrained,raw,recall,0.4659206510681587
thresholds_raw,val,Effusion,precision_constrained,raw,specificity,0.9367621677597516
thresholds_raw,val,Effusion,precision_constrained,raw,f1,0.4823591363875724
thresholds_raw,val,Effusion,precision_constrained,raw,accuracy,0.8804935870159869
thresholds_raw,val,Effusion,precision_constrained,raw,sensitivity,0.4659206510681587
thresholds_raw,test,Cardiomegaly,fixed,raw,precision,0.1786833855799373
thresholds_raw,test,Cardiomegaly,fixed,raw,recall,0.6867469879518072
thresholds_raw,test,Cardiomegaly,fixed,raw,specificity,0.9153144999676772
thresholds_raw,test,Cardiomegaly,fixed,raw,f1,0.2835820895522388
thresholds_raw,test,Cardiomegaly,fixed,raw,accuracy,0.9093427348274994
thresholds_raw,test,Cardiomegaly,fixed,raw,sensitivity,0.6867469879518072
thresholds_raw,test,Cardiomegaly,f1_optimal,raw,precision,0.337719298245614
thresholds_raw,test,Cardiomegaly,f1_optimal,raw,recall,0.3710843373493976
thresholds_raw,test,Cardiomegaly,f1_optimal,raw,specificity,0.9804770831986552
thresholds_raw,test,Cardiomegaly,f1_optimal,raw,f1,0.3536165327210103
thresholds_raw,test,Cardiomegaly,f1_optimal,raw,accuracy,0.964555527574918
thresholds_raw,test,Cardiomegaly,f1_optimal,raw,sensitivity,0.3710843373493976
thresholds_raw,test,Cardiomegaly,youden,raw,precision,0.1044362292051756
thresholds_raw,test,Cardiomegaly,youden,raw,recall,0.8168674698795181
thresholds_raw,test,Cardiomegaly,youden,raw,specificity,0.81207576443209
thresholds_raw,test,Cardiomegaly,youden,raw,f1,0.185195301830101
thresholds_raw,test,Cardiomegaly,youden,raw,accuracy,0.812200956937799
thresholds_raw,test,Cardiomegaly,youden,raw,sensitivity,0.8168674698795181
thresholds_raw,test,Cardiomegaly,sensitivity_constrained,raw,precision,0.0688536409516943
thresholds_raw,test,Cardiomegaly,sensitivity_constrained,raw,recall,0.9204819277108434
thresholds_raw,test,Cardiomegaly,sensitivity_constrained,raw,specificity,0.6660417609412373
thresholds_raw,test,Cardiomegaly,sensitivity_constrained,raw,f1,0.1281234278047962
thresholds_raw,test,Cardiomegaly,sensitivity_constrained,raw,accuracy,0.6726894988667842
thresholds_raw,test,Cardiomegaly,sensitivity_constrained,raw,sensitivity,0.9204819277108434
thresholds_raw,test,Cardiomegaly,precision_constrained,raw,precision,0.5303030303030303
thresholds_raw,test,Cardiomegaly,precision_constrained,raw,recall,0.1686746987951807
thresholds_raw,test,Cardiomegaly,precision_constrained,raw,specificity,0.995991983967936
thresholds_raw,test,Cardiomegaly,precision_constrained,raw,f1,0.2559414990859232
thresholds_raw,test,Cardiomegaly,precision_constrained,raw,accuracy,0.974376731301939
thresholds_raw,test,Cardiomegaly,precision_constrained,raw,sensitivity,0.1686746987951807
thresholds_raw,test,Effusion,fixed,raw,precision,0.3320008415737429
thresholds_raw,test,Effusion,fixed,raw,recall,0.7901852779168753
thresholds_raw,test,Effusion,fixed,raw,specificity,0.7713689061712393
thresholds_raw,test,Effusion,fixed,raw,f1,0.4675555555555555
thresholds_raw,test,Effusion,fixed,raw,accuracy,0.7737345756736338
thresholds_raw,test,Effusion,fixed,raw,sensitivity,0.7901852779168753
thresholds_raw,test,Effusion,f1_optimal,raw,precision,0.4440313919867823
thresholds_raw,test,Effusion,f1_optimal,raw,recall,0.5383074611917876
thresholds_raw,test,Effusion,f1_optimal,raw,specificity,0.9030748181752718
thresholds_raw,test,Effusion,f1_optimal,raw,f1,0.4866455409687641
thresholds_raw,test,Effusion,f1_optimal,raw,accuracy,0.8572148073533115
thresholds_raw,test,Effusion,f1_optimal,raw,sensitivity,0.5383074611917876
thresholds_raw,test,Effusion,youden,raw,precision,0.3138115223197253
thresholds_raw,test,Effusion,youden,raw,recall,0.8237356034051077
thresholds_raw,test,Effusion,youden,raw,specificity,0.7409807733851804
thresholds_raw,test,Effusion,youden,raw,f1,0.4544826633512916
thresholds_raw,test,Effusion,youden,raw,accuracy,0.7513850415512465
thresholds_raw,test,Effusion,youden,raw,sensitivity,0.8237356034051077
thresholds_raw,test,Effusion,sensitivity_constrained,raw,precision,0.2682448733413751
thresholds_raw,test,Effusion,sensitivity_constrained,raw,recall,0.8908362543815723
thresholds_raw,test,Effusion,sensitivity_constrained,raw,specificity,0.6505364729603226
thresholds_raw,test,Effusion,sensitivity_constrained,raw,f1,0.4123305133850968
thresholds_raw,test,Effusion,sensitivity_constrained,raw,accuracy,0.6807479224376731
thresholds_raw,test,Effusion,sensitivity_constrained,raw,sensitivity,0.8908362543815723
thresholds_raw,test,Effusion,precision_constrained,raw,precision,0.5157194679564692
thresholds_raw,test,Effusion,precision_constrained,raw,recall,0.4271407110665999
thresholds_raw,test,Effusion,precision_constrained,raw,specificity,0.9423201555411536
thresholds_raw,test,Effusion,precision_constrained,raw,f1,0.4672692413037523
thresholds_raw,test,Effusion,precision_constrained,raw,accuracy,0.8775497355829766
thresholds_raw,test,Effusion,precision_constrained,raw,sensitivity,0.4271407110665999
thresholds_calibrated,val,Cardiomegaly,fixed,calibrated,precision,0.1390568319226118
thresholds_calibrated,val,Cardiomegaly,fixed,calibrated,recall,0.5867346938775511
thresholds_calibrated,val,Cardiomegaly,fixed,calibrated,specificity,0.9113269817547792
thresholds_calibrated,val,Cardiomegaly,fixed,calibrated,f1,0.2248289345063538
thresholds_calibrated,val,Cardiomegaly,fixed,calibrated,accuracy,0.9035924867789192
thresholds_calibrated,val,Cardiomegaly,fixed,calibrated,sensitivity,0.5867346938775511
thresholds_calibrated,val,Cardiomegaly,f1_optimal,calibrated,precision,0.3058823529411765
thresholds_calibrated,val,Cardiomegaly,f1_optimal,calibrated,recall,0.3316326530612244
thresholds_calibrated,val,Cardiomegaly,f1_optimal,calibrated,specificity,0.9816302384955476
thresholds_calibrated,val,Cardiomegaly,f1_optimal,calibrated,f1,0.3182374541003672
thresholds_calibrated,val,Cardiomegaly,f1_optimal,calibrated,accuracy,0.9661418758738072
thresholds_calibrated,val,Cardiomegaly,f1_optimal,calibrated,sensitivity,0.3316326530612244
thresholds_calibrated,val,Cardiomegaly,youden,calibrated,precision,0.0904053659959171
thresholds_calibrated,val,Cardiomegaly,youden,calibrated,recall,0.7908163265306123
thresholds_calibrated,val,Cardiomegaly,youden,calibrated,specificity,0.8057786910766548
thresholds_calibrated,val,Cardiomegaly,youden,calibrated,f1,0.1622611881706359
thresholds_calibrated,val,Cardiomegaly,youden,calibrated,accuracy,0.8054221627864567
thresholds_calibrated,val,Cardiomegaly,youden,calibrated,sensitivity,0.7908163265306123
thresholds_calibrated,val,Cardiomegaly,sensitivity_constrained,calibrated,precision,0.0607364074328974
thresholds_calibrated,val,Cardiomegaly,sensitivity_constrained,calibrated,recall,0.9005102040816326
thresholds_calibrated,val,Cardiomegaly,sensitivity_constrained,calibrated,specificity,0.6600660066006601
thresholds_calibrated,val,Cardiomegaly,sensitivity_constrained,calibrated,f1,0.1137975499677627
thresholds_calibrated,val,Cardiomegaly,sensitivity_constrained,calibrated,accuracy,0.6657953923773631
thresholds_calibrated,val,Cardiomegaly,sensitivity_constrained,calibrated,sensitivity,0.9005102040816326
thresholds_calibrated,val,Cardiomegaly,precision_constrained,calibrated,precision,0.5
thresholds_calibrated,val,Cardiomegaly,precision_constrained,calibrated,recall,0.1096938775510204
thresholds_calibrated,val,Cardiomegaly,precision_constrained,calibrated,specificity,0.9973223737468088
thresholds_calibrated,val,Cardiomegaly,precision_constrained,calibrated,f1,0.1799163179916317
thresholds_calibrated,val,Cardiomegaly,precision_constrained,calibrated,accuracy,0.9761716612971856
thresholds_calibrated,val,Cardiomegaly,precision_constrained,calibrated,sensitivity,0.1096938775510204
thresholds_calibrated,val,Effusion,fixed,calibrated,precision,0.3196457326892109
thresholds_calibrated,val,Effusion,fixed,calibrated,recall,0.8077314343845371
thresholds_calibrated,val,Effusion,fixed,calibrated,specificity,0.7666551605108733
thresholds_calibrated,val,Effusion,fixed,calibrated,f1,0.4580328814537064
thresholds_calibrated,val,Effusion,fixed,calibrated,accuracy,0.7715640386602638
thresholds_calibrated,val,Effusion,fixed,calibrated,sensitivity,0.8077314343845371
thresholds_calibrated,val,Effusion,f1_optimal,calibrated,precision,0.4426291793313069
thresholds_calibrated,val,Effusion,f1_optimal,calibrated,recall,0.5925737538148524
thresholds_calibrated,val,Effusion,f1_optimal,calibrated,specificity,0.8987228167069382
thresholds_calibrated,val,Effusion,f1_optimal,calibrated,f1,0.5067420617659852
thresholds_calibrated,val,Effusion,f1_optimal,calibrated,accuracy,0.862136040362288
thresholds_calibrated,val,Effusion,f1_optimal,calibrated,sensitivity,0.5925737538148524
thresholds_calibrated,val,Effusion,youden,calibrated,precision,0.3048286030224843
thresholds_calibrated,val,Effusion,youden,calibrated,recall,0.8413021363173957
thresholds_calibrated,val,Effusion,youden,calibrated,specificity,0.7395926820849155
thresholds_calibrated,val,Effusion,youden,calibrated,f1,0.4475108225108225
thresholds_calibrated,val,Effusion,youden,calibrated,accuracy,0.7517476141268008
thresholds_calibrated,val,Effusion,youden,calibrated,sensitivity,0.8413021363173957
thresholds_calibrated,val,Effusion,sensitivity_constrained,calibrated,precision,0.2596830985915493
thresholds_calibrated,val,Effusion,sensitivity_constrained,calibrated,recall,0.9003051881993896
thresholds_calibrated,val,Effusion,sensitivity_constrained,calibrated,specificity,0.6516396272005522
thresholds_calibrated,val,Effusion,sensitivity_constrained,calibrated,f1,0.4030972443634708
thresholds_calibrated,val,Effusion,sensitivity_constrained,calibrated,accuracy,0.6813567564281806
thresholds_calibrated,val,Effusion,sensitivity_constrained,calibrated,sensitivity,0.9003051881993896
thresholds_calibrated,val,Effusion,precision_constrained,calibrated,precision,0.5
thresholds_calibrated,val,Effusion,precision_constrained,calibrated,recall,0.4659206510681587
thresholds_calibrated,val,Effusion,precision_constrained,calibrated,specificity,0.9367621677597516
thresholds_calibrated,val,Effusion,precision_constrained,calibrated,f1,0.4823591363875724
thresholds_calibrated,val,Effusion,precision_constrained,calibrated,accuracy,0.8804935870159869
thresholds_calibrated,val,Effusion,precision_constrained,calibrated,sensitivity,0.4659206510681587
thresholds_calibrated,test,Cardiomegaly,fixed,calibrated,precision,0.1786833855799373
thresholds_calibrated,test,Cardiomegaly,fixed,calibrated,recall,0.6867469879518072
thresholds_calibrated,test,Cardiomegaly,fixed,calibrated,specificity,0.9153144999676772
thresholds_calibrated,test,Cardiomegaly,fixed,calibrated,f1,0.2835820895522388
thresholds_calibrated,test,Cardiomegaly,fixed,calibrated,accuracy,0.9093427348274994
thresholds_calibrated,test,Cardiomegaly,fixed,calibrated,sensitivity,0.6867469879518072
thresholds_calibrated,test,Cardiomegaly,f1_optimal,calibrated,precision,0.337719298245614
thresholds_calibrated,test,Cardiomegaly,f1_optimal,calibrated,recall,0.3710843373493976
thresholds_calibrated,test,Cardiomegaly,f1_optimal,calibrated,specificity,0.9804770831986552
thresholds_calibrated,test,Cardiomegaly,f1_optimal,calibrated,f1,0.3536165327210103
thresholds_calibrated,test,Cardiomegaly,f1_optimal,calibrated,accuracy,0.964555527574918
thresholds_calibrated,test,Cardiomegaly,f1_optimal,calibrated,sensitivity,0.3710843373493976
thresholds_calibrated,test,Cardiomegaly,youden,calibrated,precision,0.1044362292051756
thresholds_calibrated,test,Cardiomegaly,youden,calibrated,recall,0.8168674698795181
thresholds_calibrated,test,Cardiomegaly,youden,calibrated,specificity,0.81207576443209
thresholds_calibrated,test,Cardiomegaly,youden,calibrated,f1,0.185195301830101
thresholds_calibrated,test,Cardiomegaly,youden,calibrated,accuracy,0.812200956937799
thresholds_calibrated,test,Cardiomegaly,youden,calibrated,sensitivity,0.8168674698795181
thresholds_calibrated,test,Cardiomegaly,sensitivity_constrained,calibrated,precision,0.0688536409516943
thresholds_calibrated,test,Cardiomegaly,sensitivity_constrained,calibrated,recall,0.9204819277108434
thresholds_calibrated,test,Cardiomegaly,sensitivity_constrained,calibrated,specificity,0.6660417609412373
thresholds_calibrated,test,Cardiomegaly,sensitivity_constrained,calibrated,f1,0.1281234278047962
thresholds_calibrated,test,Cardiomegaly,sensitivity_constrained,calibrated,accuracy,0.6726894988667842
thresholds_calibrated,test,Cardiomegaly,sensitivity_constrained,calibrated,sensitivity,0.9204819277108434
thresholds_calibrated,test,Cardiomegaly,precision_constrained,calibrated,precision,0.5303030303030303
thresholds_calibrated,test,Cardiomegaly,precision_constrained,calibrated,recall,0.1686746987951807
thresholds_calibrated,test,Cardiomegaly,precision_constrained,calibrated,specificity,0.995991983967936
thresholds_calibrated,test,Cardiomegaly,precision_constrained,calibrated,f1,0.2559414990859232
thresholds_calibrated,test,Cardiomegaly,precision_constrained,calibrated,accuracy,0.974376731301939
thresholds_calibrated,test,Cardiomegaly,precision_constrained,calibrated,sensitivity,0.1686746987951807
thresholds_calibrated,test,Effusion,fixed,calibrated,precision,0.3320008415737429
thresholds_calibrated,test,Effusion,fixed,calibrated,recall,0.7901852779168753
thresholds_calibrated,test,Effusion,fixed,calibrated,specificity,0.7713689061712393
thresholds_calibrated,test,Effusion,fixed,calibrated,f1,0.4675555555555555
thresholds_calibrated,test,Effusion,fixed,calibrated,accuracy,0.7737345756736338
thresholds_calibrated,test,Effusion,fixed,calibrated,sensitivity,0.7901852779168753
thresholds_calibrated,test,Effusion,f1_optimal,calibrated,precision,0.4440313919867823
thresholds_calibrated,test,Effusion,f1_optimal,calibrated,recall,0.5383074611917876
thresholds_calibrated,test,Effusion,f1_optimal,calibrated,specificity,0.9030748181752718
thresholds_calibrated,test,Effusion,f1_optimal,calibrated,f1,0.4866455409687641
thresholds_calibrated,test,Effusion,f1_optimal,calibrated,accuracy,0.8572148073533115
thresholds_calibrated,test,Effusion,f1_optimal,calibrated,sensitivity,0.5383074611917876
thresholds_calibrated,test,Effusion,youden,calibrated,precision,0.3138115223197253
thresholds_calibrated,test,Effusion,youden,calibrated,recall,0.8237356034051077
thresholds_calibrated,test,Effusion,youden,calibrated,specificity,0.7409807733851804
thresholds_calibrated,test,Effusion,youden,calibrated,f1,0.4544826633512916
thresholds_calibrated,test,Effusion,youden,calibrated,accuracy,0.7513850415512465
thresholds_calibrated,test,Effusion,youden,calibrated,sensitivity,0.8237356034051077
thresholds_calibrated,test,Effusion,sensitivity_constrained,calibrated,precision,0.2682448733413751
thresholds_calibrated,test,Effusion,sensitivity_constrained,calibrated,recall,0.8908362543815723
thresholds_calibrated,test,Effusion,sensitivity_constrained,calibrated,specificity,0.6505364729603226
thresholds_calibrated,test,Effusion,sensitivity_constrained,calibrated,f1,0.4123305133850968
thresholds_calibrated,test,Effusion,sensitivity_constrained,calibrated,accuracy,0.6807479224376731
thresholds_calibrated,test,Effusion,sensitivity_constrained,calibrated,sensitivity,0.8908362543815723
thresholds_calibrated,test,Effusion,precision_constrained,calibrated,precision,0.5157194679564692
thresholds_calibrated,test,Effusion,precision_constrained,calibrated,recall,0.4271407110665999
thresholds_calibrated,test,Effusion,precision_constrained,calibrated,specificity,0.9423201555411536
thresholds_calibrated,test,Effusion,precision_constrained,calibrated,f1,0.4672692413037523
thresholds_calibrated,test,Effusion,precision_constrained,calibrated,accuracy,0.8775497355829766
thresholds_calibrated,test,Effusion,precision_constrained,calibrated,sensitivity,0.4271407110665999
exp4_robustness,val,Cardiomegaly,bins=5/equal_width,raw,ece,0.10864542400079666
exp4_robustness,val,Effusion,bins=5/equal_width,raw,ece,0.21453375344113898
exp4_robustness,val,Cardiomegaly,bins=5/equal_width,calibrated,ece,0.11944754796411197
exp4_robustness,val,Effusion,bins=5/equal_width,calibrated,ece,0.23513140644897132
exp4_robustness,val,Cardiomegaly,bins=5/equal_freq,raw,ece,0.10898935459148351
exp4_robustness,val,Effusion,bins=5/equal_freq,raw,ece,0.2145337534411385
exp4_robustness,val,Cardiomegaly,bins=5/equal_freq,calibrated,ece,0.11944754796411203
exp4_robustness,val,Effusion,bins=5/equal_freq,calibrated,ece,0.2351314064489703
exp4_robustness,val,Cardiomegaly,bins=10/equal_width,raw,ece,0.10864542400079646
exp4_robustness,val,Effusion,bins=10/equal_width,raw,ece,0.2145337534411384
exp4_robustness,val,Cardiomegaly,bins=10/equal_width,calibrated,ece,0.11944754796411208
exp4_robustness,val,Effusion,bins=10/equal_width,calibrated,ece,0.23513140644897065
exp4_robustness,val,Cardiomegaly,bins=10/equal_freq,raw,ece,0.10898935459148341
exp4_robustness,val,Effusion,bins=10/equal_freq,raw,ece,0.2145337534411387
exp4_robustness,val,Cardiomegaly,bins=10/equal_freq,calibrated,ece,0.11944754796411218
exp4_robustness,val,Effusion,bins=10/equal_freq,calibrated,ece,0.23513140644897096
exp4_robustness,val,Cardiomegaly,bins=15/equal_width,raw,ece,0.1086454240007964
exp4_robustness,val,Effusion,bins=15/equal_width,raw,ece,0.2145337534411385
exp4_robustness,val,Cardiomegaly,bins=15/equal_width,calibrated,ece,0.11944754796411211
exp4_robustness,val,Effusion,bins=15/equal_width,calibrated,ece,0.2351314064489706
exp4_robustness,val,Cardiomegaly,bins=15/equal_freq,raw,ece,0.10898935459148369
exp4_robustness,val,Effusion,bins=15/equal_freq,raw,ece,0.2145337534411385
exp4_robustness,val,Cardiomegaly,bins=15/equal_freq,calibrated,ece,0.1194895625446625
exp4_robustness,val,Effusion,bins=15/equal_freq,calibrated,ece,0.23513140644897068
exp4_robustness,val,Cardiomegaly,bins=20/equal_width,raw,ece,0.10864542400079642
exp4_robustness,val,Effusion,bins=20/equal_width,raw,ece,0.2145337534411384
exp4_robustness,val,Cardiomegaly,bins=20/equal_width,calibrated,ece,0.11944754796411211
exp4_robustness,val,Effusion,bins=20/equal_width,calibrated,ece,0.23513140644897063
exp4_robustness,val,Cardiomegaly,bins=20/equal_freq,raw,ece,0.10902748679877575
exp4_robustness,val,Effusion,bins=20/equal_freq,raw,ece,0.21453375344113843
exp4_robustness,val,Cardiomegaly,bins=20/equal_freq,calibrated,ece,0.11952573892563531
exp4_robustness,val,Effusion,bins=20/equal_freq,calibrated,ece,0.23513140644897068
exp4_robustness,test,Cardiomegaly,bins=5/equal_width,raw,ece,0.10614299535375264
exp4_robustness,test,Effusion,bins=5/equal_width,raw,ece,0.2077405626502919
exp4_robustness,test,Cardiomegaly,bins=5/equal_width,calibrated,ece,0.11687622921642567
exp4_robustness,test,Effusion,bins=5/equal_width,calibrated,ece,0.22915634503612287
exp4_robustness,test,Cardiomegaly,bins=5/equal_freq,raw,ece,0.10625647384396805
exp4_robustness,test,Effusion,bins=5/equal_freq,raw,ece,0.20774056265029195
exp4_robustness,test,Cardiomegaly,bins=5/equal_freq,calibrated,ece,0.11687622921642586
exp4_robustness,test,Effusion,bins=5/equal_freq,calibrated,ece,0.22915634503612242
exp4_robustness,test,Cardiomegaly,bins=10/equal_width,raw,ece,0.10614299535375261
exp4_robustness,test,Effusion,bins=10/equal_width,raw,ece,0.20774056265029206
exp4_robustness,test,Cardiomegaly,bins=10/equal_width,calibrated,ece,0.11687622921642574
exp4_robustness,test,Effusion,bins=10/equal_width,calibrated,ece,0.22915634503612284
exp4_robustness,test,Cardiomegaly,bins=10/equal_freq,raw,ece,0.10625647384396852
exp4_robustness,test,Effusion,bins=10/equal_freq,raw,ece,0.207740562650292
exp4_robustness,test,Cardiomegaly,bins=10/equal_freq,calibrated,ece,0.11687622921642563
exp4_robustness,test,Effusion,bins=10/equal_freq,calibrated,ece,0.22915634503612264
exp4_robustness,test,Cardiomegaly,bins=15/equal_width,raw,ece,0.10614299535375264
exp4_robustness,test,Effusion,bins=15/equal_width,raw,ece,0.207740562650292
exp4_robustness,test,Cardiomegaly,bins=15/equal_width,calibrated,ece,0.11687622921642567
exp4_robustness,test,Effusion,bins=15/equal_width,calibrated,ece,0.22915634503612273
exp4_robustness,test,Cardiomegaly,bins=15/equal_freq,raw,ece,0.10631689324232105
exp4_robustness,test,Effusion,bins=15/equal_freq,raw,ece,0.20774056265029198
exp4_robustness,test,Cardiomegaly,bins=15/equal_freq,calibrated,ece,0.11687839658629534
exp4_robustness,test,Effusion,bins=15/equal_freq,calibrated,ece,0.22915634503612267
exp4_robustness,test,Cardiomegaly,bins=20/equal_width,raw,ece,0.10614299535375266
exp4_robustness,test,Effusion,bins=20/equal_width,raw,ece,0.2077405626502921
exp4_robustness,test,Cardiomegaly,bins=20/equal_width,calibrated,ece,0.11687622921642571
exp4_robustness,test,Effusion,bins=20/equal_width,calibrated,ece,0.22915634503612284
exp4_robustness,test,Cardiomegaly,bins=20/equal_freq,raw,ece,0.1062760377594125
exp4_robustness,test,Effusion,bins=20/equal_freq,raw,ece,0.2077405626502921
exp4_robustness,test,Cardiomegaly,bins=20/equal_freq,calibrated,ece,0.11687622921642565
exp4_robustness,test,Effusion,bins=20/equal_freq,calibrated,ece,0.22915634503612267
exp4_robustness,test,Cardiomegaly,sensitivity_constrained@target=0.8,raw,f1,0.17812097812097813
exp4_robustness,test,Effusion,sensitivity_constrained@target=0.8,raw,f1,0.4715471698113207
exp4_robustness,test,Cardiomegaly,sensitivity_constrained@target=0.9,raw,f1,0.1281234278047962
exp4_robustness,test,Effusion,sensitivity_constrained@target=0.9,raw,f1,0.4123305133850968
exp4_robustness,test,Cardiomegaly,sensitivity_constrained@target=0.95,raw,f1,0.09382015833628736
exp4_robustness,test,Effusion,sensitivity_constrained@target=0.95,raw,f1,0.33658493716495297
exp4_robustness,test,Cardiomegaly,precision_constrained@target=0.4,raw,f1,0.30015797788309634
exp4_robustness,test,Effusion,precision_constrained@target=0.4,raw,f1,0.5005954743946011
exp4_robustness,test,Cardiomegaly,precision_constrained@target=0.5,raw,f1,0.25594149908592323
exp4_robustness,test,Effusion,precision_constrained@target=0.5,raw,f1,0.46726924130375236
exp4_robustness,test,Cardiomegaly,precision_constrained@target=0.6,raw,f1,0.04215456674473068
exp4_robustness,test,Effusion,precision_constrained@target=0.6,raw,f1,0.32957439068752276
